id;name;sn;thumbnail;picture;price;packing_fee;jhi_desc;sort;feeding_mode;created_by;created_date;last_modified_date;last_modified_by
1;withdrawal;Wooden fir;Shoes website;Director;466009;676139;New York;898928730;DINNER;Cotton Assistant;2020-03-18T18:04:11;2020-03-18T16:05:41;Intelligent Wooden H
2;envisioneer;Vietnam Le;RSS indexing transmitter;backing up Rustic;828299;516267;Cambridgeshire;949110195;DINNER;Concrete archive Dom;2020-03-19T12:28:15;2020-03-18T18:55:50;vortals haptic
3;Buckinghamshire Wash;generating;methodical;Inverse;754134;455421;Rustic Steel Car integrated Avon;812736092;DESSERT;Venezuela;2020-03-19T13:06:18;2020-03-19T00:19:34;Generic PCI system
4;grow ivory;Dominican ;rich;Bedfordshire;723216;389960;Awesome;880627386;DINNER;extranet Borders Car;2020-03-18T19:39:11;2020-03-18T20:31:04;Electronics Comoro F
5;Refined;Virginia S;backing up synthesizing Sausages;Consultant;350904;960018;New Hampshire;34823888;DESSERT;mint green RSS;2020-03-19T02:34:32;2020-03-18T16:28:11;hack bypass Borders
6;Frozen Tunisia;Expanded;optimize frictionless;drive Licensed Frozen Ball Small Steel Chair;746606;610070;mission-critical withdrawal;934683540;DINNER;plum;2020-03-19T03:06:55;2020-03-18T17:34:30;indexing Shirt
7;Electronics extensib;4th genera;evolve;transmitting;112237;303989;global cross-platform;856616069;DESSERT;Wisconsin Officer Li;2020-03-18T21:21:24;2020-03-19T06:55:20;alliance De-engineer
8;Strategist Bahamian ;SDR Square;Administrator;transmitting;14938;685450;pink deposit;474356799;DESSERT;Corporate;2020-03-19T00:14:48;2020-03-18T18:38:50;matrix microchip
9;Savings Account Gene;cross-plat;Persistent;alarm XML Auto Loan Account;966071;429153;magnetic programming;235687549;DINNER;Games;2020-03-18T19:26:34;2020-03-18T14:35:41;Gorgeous
10;Georgia Usability;driver exp;Cheese clear-thinking maroon;Cambridgeshire withdrawal;88672;261333;web services Cyprus;237508105;DESSERT;Intranet Republic of;2020-03-19T03:10:47;2020-03-18T20:45:44;bypass Borders Confi
