id;name;sn;icon;sort;created_by;created_date;last_modified_date;last_modified_by
1;Mountain;Indian Rup;Gloves;591587116;Automotive;2020-03-19T07:26:49;2020-03-18T16:42:40;Maryland
2;Awesome Wo;Greece Swe;Berkshire;387377846;Outdoors Oregon Pers;2020-03-19T04:10:44;2020-03-18T21:18:34;Handmade
3;Liaison mu;Human enga;Organized Zimbabwe;365018680;Developer open archi;2020-03-19T07:38:56;2020-03-18T23:31:59;Analyst
4;HDD;Generic St;pixel applications;607173724;Tactics synergy;2020-03-18T15:44:49;2020-03-19T10:44:19;Licensed Soft Hat as
5;hack;Avon;Nevada responsive;292126212;Sports;2020-03-18T23:48:16;2020-03-19T02:40:05;implement
6;Computers;Sports neu;Senior;605598931;Towels;2020-03-19T12:30:45;2020-03-19T13:10:15;Saint Barthelemy Fac
7;Open-archi;Forward We;multi-tasking Director Amelior;983601497;redundant granular;2020-03-19T04:08:26;2020-03-19T11:03:14;JBOD
8;Fantastic;override;lavender Sausages Fresh;927571999;panel Rest Michigan;2020-03-19T03:52:18;2020-03-18T15:20:40;Uzbekistan Sum Savin
9;capacitor ;SMS Russia;Refined bypassing Assistant;265944469;alarm Licensed Concr;2020-03-18T23:33:54;2020-03-19T06:47:14;neural
10;interface;embrace;Cambridgeshire;483624103;Tajikistan monitorin;2020-03-19T07:45:53;2020-03-18T22:41:33;interfaces Graphic I
